barcode,brand,image,name,url
8690797111182,Wee Baby,//www.aktifbebek.com/UserFiles/Fotograflar/thumbs/39204-wee-baby-cit-cit-tirnak-makasi-mor-8698863492203-8698863492203.jpg,Wee Baby Çıt Çıt Tırnak Makası - Mor,https://www.aktifbebek.com/betam-bebek-temizleme-pamugu-60-adet
8690797118846,Wee Baby,//www.aktifbebek.com/UserFiles/Fotograflar/thumbs/38458-wee-baby-bebek-tirnak-makasi-mavi-8698863491855-8698863491855.jpg,Wee Baby Bebek Tırnak Makası - Mavi,https://www.aktifbebek.com/betam-bebek-temizleme-pamugu-60-adet
8690797118846,Wee Baby,//www.aktifbebek.com/UserFiles/Fotograflar/thumbs/38456-wee-baby-bebek-tirnak-makasi-pembe-8698863491824-8698863491824.jpg,Wee Baby Bebek Tırnak Makası - Pembe,https://www.aktifbebek.com/betam-bebek-temizleme-pamugu-60-adet
,Bambino,//www.aktifbebek.com/UserFiles/Fotograflar/thumbs/38440-bambino-bebek-sabunu-100gr-8691491061544-a.jpg,Bambino Bebek Sabunu - 100gr,https://www.aktifbebek.com/betam-bebek-temizleme-pamugu-60-adet
8699943241872,Baby Time,//www.aktifbebek.com/UserFiles/Fotograflar/thumbs/38380-baby-time-buyutecli-tirnak-makasi-mavi-baby-time-buyutecli-tirnak-makasi-mavi-8698863491091-2.jpg,Baby Time Büyüteçli Tırnak Makası	 - Mavi,https://www.aktifbebek.com/betam-bebek-temizleme-pamugu-60-adet
,Penaten,//www.aktifbebek.com/UserFiles/Fotograflar/thumbs/37721-penaten-zeytinyagli-yogun-bakim-yuz-ve-vucut-kremi-100-ml-penaten-zeytinyagli-yogun-bakim-yuz-ve-vucut-kremi-100-ml-3574661264967.jpg, Penaten Zeytinyağlı Yoğun Bakım Yüz Ve Vücut Kremi 100 Ml,https://www.aktifbebek.com/betam-bebek-temizleme-pamugu-60-adet
,Penaten,//www.aktifbebek.com/UserFiles/Fotograflar/thumbs/37672-penaten-baby-inatci-pisik-yogun-bakim-wundschutzcreme-krem-200-ml-penaten-baby-inatci-pisik-yogun-bakim-wundschutzcreme-krem-200-ml-penaten-bebek-inatci-pisik-yogun-bakim-kremi-200ml.jpg,Penaten Baby İnatçı Pişik Yoğun Bakım Wundschutzcreme Krem 200 ml,https://www.aktifbebek.com/betam-bebek-temizleme-pamugu-60-adet
,Penaten,//www.aktifbebek.com/UserFiles/Fotograflar/thumbs/37671-penaten-baby-bebek-sabunu-100-gr-penaten-baby-bebek-sabunu-100-gr-351521781.jpg,Penaten Baby Bebek Sabunu 100 gr,https://www.aktifbebek.com/betam-bebek-temizleme-pamugu-60-adet
,Mustela,//www.aktifbebek.com/UserFiles/Fotograflar/thumbs/37670-mustela-physiobebe-temizleme-sivisi-300-ml-mustela-physiobebe-temizleme-sivisi-300-ml-mustela-physiobebe-durulama-gerektirmeyen-temizleyici-sivi-300-ml-mustela-151771-16-b.jpg,Mustela Physiobebe Temizleme Sıvısı 300 ml,https://www.aktifbebek.com/betam-bebek-temizleme-pamugu-60-adet
,Mustela,//www.aktifbebek.com/UserFiles/Fotograflar/thumbs/37678-mustela-cold-cream-iceren-besleyici-sampuan-300-ml-mustela-cold-cream-iceren-besleyici-sampuan-300-ml-1-org-zoom-1.jpg,Mustela Cold Cream Içeren Besleyici Şampuan 300 Ml,https://www.aktifbebek.com/betam-bebek-temizleme-pamugu-60-adet
,Mustela,//www.aktifbebek.com/UserFiles/Fotograflar/thumbs/37674-mustela-2-in-1-cleansing-gel-200-ml-sac-ve-vucut-sampuani-mustela-2-in-1-cleansing-gel-200-ml-sac-ve-vucut-sampuani-mustela-2-in-1-hair-and-body-wash-200-ml-mustela-149789-37-b.jpg,Mustela 2 In 1 Cleansing Gel 200 Ml (Saç Ve Vücut Şampuanı),https://www.aktifbebek.com/betam-bebek-temizleme-pamugu-60-adet
,Hipp,//www.aktifbebek.com/UserFiles/Fotograflar/thumbs/37675-hipp-babysanft-bebek-el-yikama-kopugu-250-gr-hipp-babysanft-bebek-el-yikama-kopugu-250-gr-hipp-babysanft-bebek-el-yikama-kopugu-250-ml-408341001542803815.jpg, Hipp Babysanft Bebek El Yıkama Köpüğü 250 gr,https://www.aktifbebek.com/betam-bebek-temizleme-pamugu-60-adet
,Hipp,//www.aktifbebek.com/UserFiles/Fotograflar/thumbs/37676-hipp-babysanft-cocuk-sampuani-200-ml-hipp-babysanft-cocuk-sampuani-200-ml-4062300373204.jpg,Hipp Babysanft Çocuk Şampuanı 200 Ml,https://www.aktifbebek.com/betam-bebek-temizleme-pamugu-60-adet
,Hipp,//www.aktifbebek.com/UserFiles/Fotograflar/thumbs/37677-hipp-babysanft-bebek-sampuani-200-ml-hipp-babysanft-bebek-sampuani-200-ml-4062300373211.jpg,Hipp Babysanft Bebek Şampuanı 200 Ml,https://www.aktifbebek.com/betam-bebek-temizleme-pamugu-60-adet
,BÜBCHEN,//www.aktifbebek.com/UserFiles/Fotograflar/thumbs/37669-bubchen-baby-hassas-bebek-bakim-losyonu-400ml-bubchen-baby-hassas-bebek-bakim-losyonu-400ml-1-org-zoom.jpg,Bübchen Baby Hassas Bebek Bakım Losyonu 400ml,https://www.aktifbebek.com/betam-bebek-temizleme-pamugu-60-adet
,Dalin,//www.aktifbebek.com/UserFiles/Fotograflar/thumbs/37667-dalin-bebek-yagi-500-ml-dalin-bebek-yagi-500-ml-dalin-bebek-yagi-klasik-500-ml-964-jpg-800x800.jpg,Dalin Bebek Yağı 500 ml,https://www.aktifbebek.com/betam-bebek-temizleme-pamugu-60-adet
,Dalin,//www.aktifbebek.com/UserFiles/Fotograflar/thumbs/37668-dalin-sprey-bebek-yagi-200-ml-dalin-sprey-bebek-yagi-200-ml-110000017016131.jpg,Dalin Sprey Bebek Yağı 200 ml,https://www.aktifbebek.com/betam-bebek-temizleme-pamugu-60-adet
,Pierre Cardin,//www.aktifbebek.com/UserFiles/Fotograflar/thumbs/36602-pierre-cardin-3-lu-camasir-yikama-filesi-pierre-cardin-3-lu-camasir-yikama-filesi-camasir-yikama-filesi-3-lu.jpg,Pierre Cardin 3'lü Çamaşır Yıkama Filesi,https://www.aktifbebek.com/betam-bebek-temizleme-pamugu-60-adet
,Penaten,//www.aktifbebek.com/UserFiles/Fotograflar/thumbs/26275-penaten-baby-bebek-pudrasi-100-ml-penaten-baby-bebek-pudrasi-100-ml-200001-penatenpuder-neu-600x600.jpg,Penaten Baby Bebek Pudrası 100 ml,https://www.aktifbebek.com/betam-bebek-temizleme-pamugu-60-adet
,Pierre Cardin,//www.aktifbebek.com/UserFiles/Fotograflar/thumbs/22710-pierre-cardin-luks-nakisli-alt-acma-minderi-ekru-pierre-cardin-luks-nakisli-alt-acma-minderi-ekru-pc-nakisli-alt-acma-ekru-1.jpg,Pierre Cardin Lüks Nakışlı Alt Açma Minderi - Ekru,https://www.aktifbebek.com/betam-bebek-temizleme-pamugu-60-adet
,Pierre Cardin,//www.aktifbebek.com/UserFiles/Fotograflar/thumbs/22713-pierre-cardin-luks-nakisli-alt-acma-minderi-mavi-pierre-cardin-luks-nakisli-alt-acma-minderi-mavi-pc-nakisli-alt-acma-mavi-1.jpg,Pierre Cardin Lüks Nakışlı Alt Açma Minderi - Mavi,https://www.aktifbebek.com/betam-bebek-temizleme-pamugu-60-adet
,Pierre Cardin,//www.aktifbebek.com/UserFiles/Fotograflar/thumbs/22714-pierre-cardin-luks-nakisli-alt-acma-minderi-pembe-pierre-cardin-luks-nakisli-alt-acma-minderi-pembe-pc-nakisli-alt-acma-pembe-1.jpg,Pierre Cardin Lüks Nakışlı Alt Açma Minderi - Pembe,https://www.aktifbebek.com/betam-bebek-temizleme-pamugu-60-adet
,Japlo,//www.aktifbebek.com/UserFiles/Fotograflar/thumbs/22592-japlo-pudra-kabi-mavi-japlo-pudra-kabi-mavi-pudra-kabi-mavi-ikili-resim-1.jpg,Japlo Pudra Kabı - Mavi,https://www.aktifbebek.com/betam-bebek-temizleme-pamugu-60-adet
,Japlo,//www.aktifbebek.com/UserFiles/Fotograflar/thumbs/22591-japlo-pudra-kabi-pembe-pudra-kabi-pembe-ikili-resim-1-jpg-pudra-kabi-pembe-ikili-resim-1.jpg,Japlo Pudra Kabı - Pembe,https://www.aktifbebek.com/betam-bebek-temizleme-pamugu-60-adet
,Uni Baby,//www.aktifbebek.com/UserFiles/Fotograflar/thumbs/21041-uni-baby-sac-ve-vucut-sampuani-700ml-uni-baby-sac-ve-vucut-sampuani-700ml-8692190009318.jpg,Uni Baby Saç Ve Vücut Şampuanı 700ml,https://www.aktifbebek.com/betam-bebek-temizleme-pamugu-60-adet
,Uni Baby,//www.aktifbebek.com/UserFiles/Fotograflar/thumbs/21042-uni-baby-papatya-ozlu-sac-ve-vucut-sampuani-700ml-uni-baby-papatya-ozlu-sac-ve-vucut-sampuani-700ml-8692190009332.jpg,Uni Baby Papatya Özlü Saç Ve Vücut Şampuanı 700ml,https://www.aktifbebek.com/betam-bebek-temizleme-pamugu-60-adet
,Uni Baby,//www.aktifbebek.com/UserFiles/Fotograflar/thumbs/21043-uni-baby-sac-ve-vucut-sampuani-500ml-uni-baby-sac-ve-vucut-sampuani-500ml-uni-baby-sac-ve-vucut-sampuani-500-ml.jpg,Uni Baby Saç Ve Vücut Şampuanı 500ml,https://www.aktifbebek.com/betam-bebek-temizleme-pamugu-60-adet
,Uni Baby,//www.aktifbebek.com/UserFiles/Fotograflar/thumbs/21045-uni-baby-konsantre-camasir-yumusatici-1200-ml-uni-baby-konsantre-camasir-yumusatici-1200-ml-uni-baby-konsantre-yumusatici.png,Uni Baby Konsantre Çamaşır Yumuşatıcı 1200 ml,https://www.aktifbebek.com/betam-bebek-temizleme-pamugu-60-adet
,Uni Baby,//www.aktifbebek.com/UserFiles/Fotograflar/thumbs/21040-uni-baby-biberon-emzik-temizleyici-500-ml-9933111230514-jpg-9933111230514.jpg,Uni Baby Biberon Emzik Temizleyici 500 ml,https://www.aktifbebek.com/betam-bebek-temizleme-pamugu-60-adet
,Uni Baby,//www.aktifbebek.com/UserFiles/Fotograflar/thumbs/20582-uni-baby-sensitive-bebek-camasir-deterjani-1500-ml-bebek-camasir-yumusaticisi-1500-ml-8692190008854-jpg-8692190008854.jpg,Uni Baby Sensitive Bebek Çamaşır Deterjanı 1500 ml + Bebek Çamaşır Yumuşatıcısı 1500 ml,https://www.aktifbebek.com/betam-bebek-temizleme-pamugu-60-adet
,Maxi-Cosi,//www.aktifbebek.com/UserFiles/Fotograflar/thumbs/22363-maxi-cosimaxi-cosi-flexi-bag-canta-ea-5fdd7a-jpg-maxi-cosimaxi-cosi-flexi-bag-canta-ea-5fdd7a.jpg,Maxi-Cosi Flexi Bag Çanta / Earth Brown,https://www.aktifbebek.com/betam-bebek-temizleme-pamugu-60-adet
,Maxi-Cosi,//www.aktifbebek.com/UserFiles/Fotograflar/thumbs/18919-maxi-cosi-original-canta-river-blue-7179-jpg-maxi-cosi-original-canta-river-blue-7179.jpg,Maxi-Cosi Original Çanta / River Blue  ,https://www.aktifbebek.com/betam-bebek-temizleme-pamugu-60-adet
,Mamajoo,//www.aktifbebek.com/UserFiles/Fotograflar/thumbs/18703-mamajoo-termal-canta-f46e-jpg-mamajoo-termal-canta-f46e.jpg,Mamajoo Termal Çanta,https://www.aktifbebek.com/betam-bebek-temizleme-pamugu-60-adet
,OkBaby,//www.aktifbebek.com/UserFiles/Fotograflar/thumbs/18605-okbaby-handy-alt-acma-minderi-714d-jpg-okbaby-handy-alt-acma-minderi-714d.jpg,Okbaby Handy Alt Açma Minderi,https://www.aktifbebek.com/betam-bebek-temizleme-pamugu-60-adet
,Maxi-Cosi,//www.aktifbebek.com/UserFiles/Fotograflar/thumbs/21189-maxi-cosi-original-canta-robin-red-5fd5-jpg-maxi-cosi-original-canta-robin-red-5fd5.jpg,Maxi-Cosi Original Çanta /  Robin Red,https://www.aktifbebek.com/betam-bebek-temizleme-pamugu-60-adet
,Maxi-Cosi,//www.aktifbebek.com/UserFiles/Fotograflar/thumbs/17932-maxi-cosimaxi-cosi-flexi-bag-canta-blac-46e8-jpg-maxi-cosimaxi-cosi-flexi-bag-canta-blac-46e8.jpg,Maxi-Cosi Flexi Bag Çanta / Black Raven,https://www.aktifbebek.com/betam-bebek-temizleme-pamugu-60-adet
,Mustela,//www.aktifbebek.com/UserFiles/Fotograflar/thumbs/13555-mustela-bebek-yagi-100-ml-mustela-bebek-yagi-100-ml-mustela-bebek-yagi-100ml-1.jpg,Mustela Bebek Yağı 100 ml,https://www.aktifbebek.com/betam-bebek-temizleme-pamugu-60-adet
,ROCS,//www.aktifbebek.com/UserFiles/Fotograflar/thumbs/13421-rocs-baby-extra-yumusak-dis-fircasi-ve-dis-macunu-seti-0-3-yas-rocs-baby-extra-yumusak-dis-fircasi-ve-dis-macunu-seti-0-3-yas-rocs-baby-extra-yumusak-dis-fircasi-ve-dis-macunu-seti-0-3-yas-mavi.jpg,ROCS Baby Extra yumuşak Diş Fırçası Ve Diş Macunu Seti (0-3 yaş),https://www.aktifbebek.com/betam-bebek-temizleme-pamugu-60-adet
,ROCS,//www.aktifbebek.com/UserFiles/Fotograflar/thumbs/13353-rocs-baby-papatya-ozlu-dis-macunu-0-3yas-rocs-baby-papatya-ozlu-dis-macunu-0-3yas-rocs-baby-papatya-ozlu-dis-macunu-0-3-yas-1.jpg,Rocs Baby Papatya Özlü Diş Macunu (0-3Yaş),https://www.aktifbebek.com/betam-bebek-temizleme-pamugu-60-adet
,AVENT,//www.aktifbebek.com/UserFiles/Fotograflar/thumbs/20916-philips-avent-urban-canta-siyah-philips-avent-urban-canta-8809913122866.jpg,Philips Avent Urban Çanta - Siyah,https://www.aktifbebek.com/betam-bebek-temizleme-pamugu-60-adet
,Baby Time,//www.aktifbebek.com/UserFiles/Fotograflar/thumbs/12934-baby-time-cit-cit-bebek-tirnak-makasi-torpu-hediyeli-baby-time-cit-cit-bebek-tirnak-makasi-torpu-hediyeli-9025.jpg,Baby Time Çıt Çıt Bebek Tırnak Makası - Törpü Hediyeli,https://www.aktifbebek.com/betam-bebek-temizleme-pamugu-60-adet
,Chicco,//www.aktifbebek.com/UserFiles/Fotograflar/thumbs/13027-chicco-tazeleyici-ve-koruyucu-sprey-100-ml-chicco-tazeleyici-ve-koruyucu-sprey-100-ml-8934-chicco-tazeleyici-ve-koruyucu-sprey-100-ml-sprey-jpg-sprey.jpg,Chicco Tazeleyici ve Koruyucu Sprey - 100 ML,https://www.aktifbebek.com/betam-bebek-temizleme-pamugu-60-adet
,Chicco,//www.aktifbebek.com/UserFiles/Fotograflar/thumbs/13031-chicco-ilk-sut-disi-fircasi-mavi-6-36-ay-chicco-ilk-sut-disi-fircasi-mavi-6-36-ay-8930.jpg,Chicco İlk Süt Dişi Fırçası Mavi 6-36 Ay,https://www.aktifbebek.com/betam-bebek-temizleme-pamugu-60-adet
,Chicco,//www.aktifbebek.com/UserFiles/Fotograflar/thumbs/13038-chicco-ilk-sut-disi-fircasi-pembe-6-36-ay-chicco-ilk-sut-disi-fircasi-pembe-6-36-ay-8924.jpg,Chicco İlk Süt Dişi Fırçası Pembe 6-36 Ay,https://www.aktifbebek.com/betam-bebek-temizleme-pamugu-60-adet
,Biomini,//www.aktifbebek.com/UserFiles/Fotograflar/thumbs/10466-13935-buyuk-orjinal-jpg-13935-buyuk-orjinal.jpg,Biomini Organik Hindistan Cevizi Yağı - 300 ml,https://www.aktifbebek.com/betam-bebek-temizleme-pamugu-60-adet
,Friendly Organic,//www.aktifbebek.com/UserFiles/Fotograflar/thumbs/10834-13855-buyuk-orjinal-jpg-13855-buyuk-orjinal.jpg,Friendly Organic Bulaşık El Deterjanı Portakallı - 1000 ml,https://www.aktifbebek.com/betam-bebek-temizleme-pamugu-60-adet
,Chicco,//www.aktifbebek.com/UserFiles/Fotograflar/thumbs/9560-13251-buyuk-orjinal-jpg-13251-buyuk-orjinal.png,Chicco Yumuşatıcı Pudra Tazeliği 750 ml,https://www.aktifbebek.com/betam-bebek-temizleme-pamugu-60-adet
,Mustela,//www.aktifbebek.com/UserFiles/Fotograflar/thumbs/10921-11823-buyuk-orjinal-jpg-11823-buyuk-orjinal.jpg,Mustela 1.2.3 Vitamin Bariyer Pişik Kremi 50ml,https://www.aktifbebek.com/betam-bebek-temizleme-pamugu-60-adet
,Chicco,//www.aktifbebek.com/UserFiles/Fotograflar/thumbs/11022-9817-buyuk-orjinal-jpg-9817-buyuk-orjinal.jpg,Chicco Masaj Yağı 200 Ml Baby Moments 00002850100000,https://www.aktifbebek.com/betam-bebek-temizleme-pamugu-60-adet
,Dalin,//www.aktifbebek.com/UserFiles/Fotograflar/thumbs/9946-9237-buyuk-orjinal-jpg-9237-buyuk-orjinal.jpg,Dalin Bebek Yağı 300 Ml,https://www.aktifbebek.com/betam-bebek-temizleme-pamugu-60-adet
,Chicco,//www.aktifbebek.com/UserFiles/Fotograflar/thumbs/9406-7075-buyuk-orjinal-jpg-7075-buyuk-orjinal.jpg,Chicco Tarak&Fırça Seti (Pembe) 8058664011926,https://www.aktifbebek.com/betam-bebek-temizleme-pamugu-60-adet
,Chicco,//www.aktifbebek.com/UserFiles/Fotograflar/thumbs/9405-7074-buyuk-orjinal-jpg-7074-buyuk-orjinal.jpg,Chicco Tarak-Fırça Seti -Mavi 8003670862420,https://www.aktifbebek.com/betam-bebek-temizleme-pamugu-60-adet
,Chicco,//www.aktifbebek.com/UserFiles/Fotograflar/thumbs/9500-3241-buyuk-1-orjinal-jpg-3241-buyuk-1-orjinal.jpg,Chicco Kapaklı Bebek Tırnak Makası - Mavi,https://www.aktifbebek.com/betam-bebek-temizleme-pamugu-60-adet
,Britax-Römer,//www.aktifbebek.com/UserFiles/Fotograflar/thumbs/10390-17364-buyuk-orjinal-jpg-17364-buyuk-orjinal.jpg,Britax-Römer Affinity Bebek Bakım Çantası - Cool Berry,https://www.aktifbebek.com/betam-bebek-temizleme-pamugu-60-adet
,Britax-Römer,//www.aktifbebek.com/UserFiles/Fotograflar/thumbs/10388-17363-buyuk-orjinal-jpg-17363-buyuk-orjinal.jpg,Britax-Römer Affinity Bebek Bakım Çantası - Cool Berry,https://www.aktifbebek.com/betam-bebek-temizleme-pamugu-60-adet
,Britax-Römer,//www.aktifbebek.com/UserFiles/Fotograflar/thumbs/10401-17362-buyuk-orjinal-jpg-17362-buyuk-orjinal.jpg,Britax-Römer Affinity Bebek Bakım Çantası - Chilli Pepper,https://www.aktifbebek.com/betam-bebek-temizleme-pamugu-60-adet
,Britax-Römer,//www.aktifbebek.com/UserFiles/Fotograflar/thumbs/10387-17361-buyuk-orjinal-jpg-17361-buyuk-orjinal.jpg,Britax-Römer Affinity Bebek Bakım Çantası - Chilli Pepper,https://www.aktifbebek.com/betam-bebek-temizleme-pamugu-60-adet
,Britax-Römer,//www.aktifbebek.com/UserFiles/Fotograflar/thumbs/10397-17360-buyuk-orjinal-jpg-17360-buyuk-orjinal.jpg,Britax-Römer Affinity Bebek Bakım Çantası- Blue Sky,https://www.aktifbebek.com/betam-bebek-temizleme-pamugu-60-adet
,Britax-Römer,//www.aktifbebek.com/UserFiles/Fotograflar/thumbs/10386-17359-buyuk-orjinal-jpg-17359-buyuk-orjinal.jpg,Britax-Römer Affinity Bebek Bakım Çantası - Blue Sky,https://www.aktifbebek.com/betam-bebek-temizleme-pamugu-60-adet
,Chicco,//www.aktifbebek.com/UserFiles/Fotograflar/thumbs/11055-17296-buyuk-orjinal-jpg-17296-buyuk-orjinal.jpg,Chicco Bebeğimin Bakım Seti Sırt Çantası Hediyeli - Erkek,https://www.aktifbebek.com/betam-bebek-temizleme-pamugu-60-adet
,Chicco,//www.aktifbebek.com/UserFiles/Fotograflar/thumbs/11054-17295-buyuk-orjinal-jpg-17295-buyuk-orjinal.jpg,Chicco Bebeğimin Bakım Seti Sırt Çantası Hediyeli - Kız,https://www.aktifbebek.com/betam-bebek-temizleme-pamugu-60-adet
,Chicco,//www.aktifbebek.com/UserFiles/Fotograflar/thumbs/9559-17291-buyuk-orjinal-jpg-17291-buyuk-orjinal.jpg,Chicco Göz Yakmayan Saç ve Vücut Şampuanı 750ml + Chicco Pişik Önleyici Krem 100ml,https://www.aktifbebek.com/betam-bebek-temizleme-pamugu-60-adet
,Chicco,//www.aktifbebek.com/UserFiles/Fotograflar/thumbs/9558-17290-buyuk-orjinal-jpg-17290-buyuk-orjinal.jpg,Chicco Göz Yakmayan Saç ve Vücut Şampuanı 750ml + Chicco Sünger Banyo Eldiveni,https://www.aktifbebek.com/betam-bebek-temizleme-pamugu-60-adet
,Sema Bebe,//www.aktifbebek.com/UserFiles/Fotograflar/thumbs/10730-17281-buyuk-orjinal-jpg-17281-buyuk-orjinal.jpg,Sema Baby Çok Amaçlı Müslin Örtü 100x80 cm - Ekru 8682476853148,https://www.aktifbebek.com/betam-bebek-temizleme-pamugu-60-adet
,Sema Bebe,//www.aktifbebek.com/UserFiles/Fotograflar/thumbs/10732-17280-buyuk-orjinal-jpg-17280-buyuk-orjinal.jpg,Sema Baby Çok Amaçlı Müslin Örtü 100x80 cm - Mavi Yıldız 8682476853131,https://www.aktifbebek.com/betam-bebek-temizleme-pamugu-60-adet
,Sema Bebe,//www.aktifbebek.com/UserFiles/Fotograflar/thumbs/10734-17275-buyuk-orjinal-jpg-17275-buyuk-orjinal.jpg,Sema Baby Çok Amaçlı Müslin Örtü 100x80 cm - Pembe Yıldız 8682476853124,https://www.aktifbebek.com/betam-bebek-temizleme-pamugu-60-adet
,Uni Baby,//www.aktifbebek.com/UserFiles/Fotograflar/thumbs/10831-15245-buyuk-orjinal-jpg-15245-buyuk-orjinal.jpg,UnıBaby Saç Ve Vücut Şampuanı 900ml,https://www.aktifbebek.com/betam-bebek-temizleme-pamugu-60-adet
,Uni Baby,//www.aktifbebek.com/UserFiles/Fotograflar/thumbs/10832-14240-buyuk-orjinal-jpg-14240-buyuk-orjinal.jpg,Uni Baby Kolay Tarama Şampuanı - 700 ML,https://www.aktifbebek.com/betam-bebek-temizleme-pamugu-60-adet
,Uni Baby,//www.aktifbebek.com/UserFiles/Fotograflar/thumbs/10585-14239-buyuk-orjinal-jpg-14239-buyuk-orjinal.jpg,Uni Baby Saç Ve Vücut Şampuanı - 750 ML,https://www.aktifbebek.com/betam-bebek-temizleme-pamugu-60-adet
,Johnson´s,//www.aktifbebek.com/UserFiles/Fotograflar/thumbs/10586-14197-buyuk-orjinal-jpg-14197-buyuk-orjinal.jpg,Johnson's Bebek Yağı 300ml,https://www.aktifbebek.com/betam-bebek-temizleme-pamugu-60-adet
,Friendly Organic,//www.aktifbebek.com/UserFiles/Fotograflar/thumbs/10594-14092-buyuk-orjinal-jpg-14092-buyuk-orjinal.jpg,Friendly Organic Puset ve Araba Koltuğu Temizleyici - 250ML,https://www.aktifbebek.com/betam-bebek-temizleme-pamugu-60-adet
,Penaten,//www.aktifbebek.com/UserFiles/Fotograflar/thumbs/9649-14016-buyuk-orjinal-jpg-14016-buyuk-orjinal.jpg,Penaten Baby Bebek Duş Şampuanı Papatya 750 ml,https://www.aktifbebek.com/betam-bebek-temizleme-pamugu-60-adet
,Biomini,//www.aktifbebek.com/UserFiles/Fotograflar/thumbs/10467-13936-buyuk-orjinal-jpg-13936-buyuk-orjinal.jpg,Biomini Organik Hindistan Cevizi Yağı - 150 ml,https://www.aktifbebek.com/betam-bebek-temizleme-pamugu-60-adet
,Friendly Organic,//www.aktifbebek.com/UserFiles/Fotograflar/thumbs/10588-13872-buyuk-orjinal-jpg-13872-buyuk-orjinal.jpg,Friendly Organic Bebek Yağı (Zeytin Yağı ve Badem Yağı) - 100 ml,https://www.aktifbebek.com/betam-bebek-temizleme-pamugu-60-adet
,Friendly Organic,//www.aktifbebek.com/UserFiles/Fotograflar/thumbs/10593-13869-buyuk-orjinal-jpg-13869-buyuk-orjinal.jpg,Friendly Organic Sıvı El Sabunu Pirinç Ekstraktı - 500 ml,https://www.aktifbebek.com/betam-bebek-temizleme-pamugu-60-adet
,Friendly Organic,//www.aktifbebek.com/UserFiles/Fotograflar/thumbs/10591-13866-buyuk-orjinal-jpg-13866-buyuk-orjinal.jpg,Friendly Organic Parfümsüz Biberon ve Beslenme Gereçleri Temizleyici - 100 ml,https://www.aktifbebek.com/betam-bebek-temizleme-pamugu-60-adet
,Bebe Zartpflege,//www.aktifbebek.com/UserFiles/Fotograflar/thumbs/11491-13813-buyuk-orjinal-jpg-13813-buyuk-orjinal.jpg,Bebe Zartpflege Hassas Bebek Bakım Şampuanı 200 ML,https://www.aktifbebek.com/betam-bebek-temizleme-pamugu-60-adet
,Penaten,//www.aktifbebek.com/UserFiles/Fotograflar/thumbs/9379-13708-buyuk-orjinal-jpg-13708-buyuk-orjinal.png,Penaten Baby Bebek Pudrası 100 ml (3574660537369),https://www.aktifbebek.com/betam-bebek-temizleme-pamugu-60-adet
,KRAFT,//www.aktifbebek.com/UserFiles/Fotograflar/thumbs/11433-13670-buyuk-orjinal-jpg-13670-buyuk-orjinal.jpg,Kraft Bebek Bakım Çantası (1705) - Kırmızı,https://www.aktifbebek.com/betam-bebek-temizleme-pamugu-60-adet
,KRAFT,//www.aktifbebek.com/UserFiles/Fotograflar/thumbs/11431-13669-buyuk-orjinal-jpg-13669-buyuk-orjinal.jpg,Kraft Bebek Bakım Çantası (1705) - Siyah,https://www.aktifbebek.com/betam-bebek-temizleme-pamugu-60-adet
,KRAFT,//www.aktifbebek.com/UserFiles/Fotograflar/thumbs/11429-13668-buyuk-orjinal-jpg-13668-buyuk-orjinal.jpg,Kraft Bebek Bakım Çantası (1705) - Krem,https://www.aktifbebek.com/betam-bebek-temizleme-pamugu-60-adet
,Baby Time,//www.aktifbebek.com/UserFiles/Fotograflar/thumbs/21048-baby-time-buyutecli-tirnak-makasi-241872-babytime-buyutecli-tirnak-makasi-mavi-3a939170.jpg,Baby Time Büyüteçli Tırnak Makası,https://www.aktifbebek.com/betam-bebek-temizleme-pamugu-60-adet
,Betam,//www.aktifbebek.com/UserFiles/Fotograflar/thumbs/9918-13531-buyuk-orjinal-jpg-13531-buyuk-orjinal.jpg,Betam Emniyetli Bebek Kulak Çubuğu 60'lı,https://www.aktifbebek.com/betam-bebek-temizleme-pamugu-60-adet
,Betam,//www.aktifbebek.com/UserFiles/Fotograflar/thumbs/13398-betam-bebek-temizleme-pamugu-60-adet-betam-bebek-temizleme-pamugu-60-adet-5724-13529-buyuk-jpg-13529-buyuk.jpg,Betam Bebek Temizleme Pamuğu 60 Adet,https://www.aktifbebek.com/betam-bebek-temizleme-pamugu-60-adet
,Chicco,//www.aktifbebek.com/UserFiles/Fotograflar/thumbs/11085-13442-buyuk-orjinal-jpg-13442-buyuk-orjinal.jpg,Chicco Temizleme Pamuğu 60'lı,https://www.aktifbebek.com/betam-bebek-temizleme-pamugu-60-adet
,Friendly Organic,//www.aktifbebek.com/UserFiles/Fotograflar/thumbs/12288-13437-buyuk-orjinal-jpg-13437-buyuk-orjinal.jpg,Friendly Organic Çok Amaçlı Yer Temizleyici - 1000ml,https://www.aktifbebek.com/betam-bebek-temizleme-pamugu-60-adet
,Friendly Organic,//www.aktifbebek.com/UserFiles/Fotograflar/thumbs/11734-13436-buyuk-orjinal-jpg-13436-buyuk-orjinal.jpg,Friendly Organic Bebek Pişik Kremi - 100ml,https://www.aktifbebek.com/betam-bebek-temizleme-pamugu-60-adet
,NUK,//www.aktifbebek.com/UserFiles/Fotograflar/thumbs/9570-13323-buyuk-orjinal-jpg-13323-buyuk-orjinal.jpg,Nuk Sıvı Çamaşır Detarjanı 750ml,https://www.aktifbebek.com/betam-bebek-temizleme-pamugu-60-adet
,Uni Baby,//www.aktifbebek.com/UserFiles/Fotograflar/thumbs/11340-13315-buyuk-orjinal-jpg-13315-buyuk-orjinal.jpg,Uni Baby Çamaşır Yumuşatıcı 1500ml,https://www.aktifbebek.com/betam-bebek-temizleme-pamugu-60-adet
,SEBAMED,//www.aktifbebek.com/UserFiles/Fotograflar/thumbs/9892-13233-buyuk-orjinal-jpg-13233-buyuk-orjinal.jpg,Sebamed Pişik Önleyici Krem 50 ml,https://www.aktifbebek.com/betam-bebek-temizleme-pamugu-60-adet
